Emp_ID,name
82628896,Kathleen Kim
50127876,Stone Ayala
78687337,Armand Pratt
52685533,Lillith Valentine
95524613,Elizabeth Finley
22375629,May Herman
33959875,Quinn Maynard
93353076,Otto Norton
36527178,Britanni Horton
61319987,Honorato Conrad
64536583,Linus Mcmahon
20483265,Bree Phelps
73661224,Madaline Donaldson
73935224,Lois Vaughan
81366159,Jonas Cox
30597482,Jena Castro
95481732,Kylynn Prince
51674155,Nicholas Mullen
66186380,Christen Osborne
72556284,Vanna Dillon
11462402,Mira Decker
83620413,Chanda Delgado
22867120,Lucius Harvey
16581232,Forrest Hurst
91920787,Orson Wilson
42223576,Camden Buckley
72703063,Armand Barry
56187174,Chaim Grant
10775524,Melissa Pope
84615930,Aiko Watkins
86657295,Dennis Mcclure
96548426,Hannah Stafford
39483588,Gabriel Brady
41229673,Keelie Morgan
48160832,Brett Barton
4897284,Abraham Hubbard
16453297,Kylie Coffey
67587547,Karleigh Barber
35388980,Lester Shields
15772548,Sigourney Mcdaniel
66288540,Jamalia Ortiz
72545048,Isabella Rojas
283229,Latifah Odom
84663222,Quinn Howe
82732526,Susan Moon
6181146,Marcia Shields
63150126,Nicole Alvarez
74518714,Lewis Lindsay
51735588,Allistair Berger
10338143,Carly Beck
