"'12797732', 'Diamond Earrings', 'Sparkling diamond earrings for a glamorous look', '28175620', '75625681', '4099.87'"
"'15761156', 'Gold Necklace', 'Classic gold necklace that complements any outfit', '96281664', '25669526', '1939.34'"
"'22295267', 'Gold Chain', 'Luxurious gold chain that adds a touch of class', '10173729', '29041375', '1246.22'"
"'23747494', 'Ruby Pendant', 'Beautiful ruby pendant that adds a touch of class', '32338237', '85652424', '1049.55'"
"'24566718', 'Gold Pendant', 'Luxurious gold pendant that adds a touch of class', '68258255', '88692786', '3986.81'"
"'25450213', 'Emerald Earrings', 'Stunning emerald earrings for a touch of glamour', '68729274', '67937304', '5044.19'"
"'25485234', 'Diamond Bracelet', 'Exquisite diamond bracelet that sparkles', '34868653', '87460244', '6477.97'"
"'27361440', 'Diamond Chain', 'Luxurious diamond chain that shines bright', '75882864', '37143838', '5692.72'"
"'28565246', 'Pearl Earrings', 'Classic pearl earrings that add timeless elegance', '42831728', '26908078', '3283.56'"
"'30975119', 'Pearl Bracelet', 'Classic pearl bracelet for timeless elegance', '43572703', '79473526', '1907.02'"
"'31231103', 'Emerald Necklace', 'Exquisite emerald necklace for a luxurious look', '77996635', '83233989', '3234.08'"
"'32146585', 'Emerald Pendant', 'Exquisite emerald pendant for a luxurious look', '51885930', '61775648', '2001.55'"
"'32222572', 'Pearl Necklace', 'Classic pearl necklace for timeless elegance', '87315138', '80353927', '4305.03'"
"'32365561', 'Ruby Bracelet', 'Elegant ruby bracelet for a touch of sophistication', '22078733', '74263620', '4039.58'"
"'36461368', 'Sapphire Bracelet', 'Elegant sapphire bracelet for a touch of luxury', '61266183', '34116121', '4266.17'"
"'38338392', 'Gold Ring', 'Timeless gold ring that complements any outfit', '75505362', '72183176', '2176.77'"
"'42107708', 'Diamond Studs', 'Sparkling diamond studs for a glamorous look', '70718658', '15893644', '4368.75'"
"'42395221', 'Ruby Earrings', 'Beautiful ruby earrings for a glamorous look', '74516537', '33011463', '5411.17'"
"'42492125', 'Diamond Studs', 'Sparkling diamond studs for a glamorous appearance', '29057676', '42496677', '4815.44'"
"'44370822', 'Gold Bracelet', 'Classic gold bracelet for timeless elegance', '22881532', '28371258', '6461.29'"
"'44526359', 'Sapphire Ring', 'Timeless sapphire ring for a touch of elegance', '57851811', '75143115', '4416.89'"
"'45142348', 'Ruby Bracelet', 'Beautiful ruby bracelet for a touch of sophistication', '28487188', '29319721', '709.20'"
"'45212156', 'Ruby Ring', 'Stunning ruby ring for a touch of elegance', '17746183', '62486154', '1783.15'"
"'45473342', 'Sapphire Studs', 'Elegant sapphire studs for a sophisticated look', '44486666', '10089569', '4146.95'"
"'46646461', 'Ruby Pendant', 'Beautiful ruby pendant that adds a pop of color', '14324706', '11522218', '1644.67'"
"'47153385', 'Sapphire Ring', 'Timeless sapphire ring that adds sophistication', '78773812', '44374612', '3250.82'"
"'48227271', 'Gold Earrings', 'Classic gold earrings that complement any outfit', '63221947', '42172342', '1511.28'"
"'48482123', 'Sapphire Bracelet', 'Elegant sapphire bracelet for a touch of sophistication', '31965238', '73988352', '564.85'"
"'51243653', 'Sapphire Earrings', 'Elegant sapphire earrings for a sophisticated look', '67575355', '58875728', '2040.98'"
"'52752951', 'Emerald Necklace', 'Exquisite emerald necklace for a luxurious look', '16583758', '56278716', '2893.69'"
"'53486110', 'Emerald Earrings', 'Exquisite emerald earrings for a luxurious look', '74070583', '38952642', '4449.23'"
"'53735388', 'Diamond Necklace', 'Stunning diamond necklace that dazzles', '55941214', '8767523', '2542.87'"
"'55228321', 'Sapphire Pendant', 'Stunning sapphire pendant that adds elegance', '54641033', '4884943', '1366.65'"
"'55418314', 'Diamond Ring', 'Exquisite diamond ring for special occasions', '44952192', '27267688', '479.21'"
"'60985460', 'Sapphire Earrings', 'Elegant sapphire earrings for a sophisticated look', '10957281', '47910251', '2723.20'"
"'63241058', 'Pearl Earrings', 'Classic pearl earrings for timeless elegance', '63745428', '85367475', '1668.42'"
"'71389484', 'Sapphire Ring', 'Timeless sapphire ring that makes a statement', '51846584', '33629486', '6669.79'"
"'71535524', 'Diamond Bracelet', 'Exquisite diamond bracelet for a luxurious look', '89274583', '19824972', '6717.39'"
"'74845313', 'Emerald Pendant', 'Exquisite emerald pendant for a touch of luxury', '15598559', '51336583', '5168.57'"
"'74898314', 'Ruby Earrings', 'Beautiful ruby earrings that make a statement', '43464768', '51178416', '4488.61'"
"'75788565', 'Ruby Necklace', 'Stunning ruby necklace that makes a statement', '27282668', '19808439', '1345.61'"
"'76138811', 'Gold Pendant', 'Luxurious gold pendant that adds a touch of class', '46755913', '17279624', '3222.56'"
"'76183151', 'Diamond Bracelet', 'Stunning diamond bracelet that dazzles', '31385766', '42214434', '5776.89'"
"'77128343', 'Pearl Bracelet', 'Elegant pearl bracelet for a sophisticated look', '12376380', '65293379', '5840.95'"
"'79613721', 'Pearl Pendant', 'Elegant pearl pendant that exudes elegance', '68598457', '12868854', '2766.03'"
"'79737858', 'Sapphire Pendant', 'Elegant sapphire pendant perfect for everyday wear', '58859625', '31413047', '1408.41'"
"'83558035', 'Diamond Necklace', 'Stunning diamond necklace that dazzles', '86844236', '94452236', '5187.33'"
"'87182855', 'Diamond Ring', 'Exquisite diamond ring for a luxurious look', '41640016', '43532972', '525.35'"
"'96724645', 'Pearl Necklace', 'Elegant pearl necklace for a sophisticated look', '34179347', '85476662', '5433.76'"
"'99263054', 'Pearl Ring', 'Elegant pearl ring for a sophisticated look', '61842525', '52434152', '2676.75'"
