Sup_Email,Sup_ID
walterserrano9339@icloud.couk,SUP_3932
cadekaufman@aol.com,SUP_4569
jaymecarey@google.couk,SUP_4130
henrygaines4240@icloud.org,SUP_4444
dominicayala7226@yahoo.ca,SUP_3950
beckpugh1934@hotmail.org,SUP_4288
sheilamorin@outlook.com,SUP_3866
briandeleon@protonmail.net,SUP_3695
faythomas1257@icloud.org,SUP_4017
brunoholland@aol.ca,SUP_3283
lewisprice@yahoo.couk,SUP_4281
laceyjones4605@google.org,SUP_4761
nicolefulton@hotmail.net,SUP_3727
mackenziesolis@outlook.net,SUP_3545
theodorerandolph8565@yahoo.couk,SUP_4040
constancethornton@aol.org,SUP_3034
gretchenadkins5206@hotmail.org,SUP_4094
kareemluna4256@protonmail.net,SUP_4181
henrywatts1145@yahoo.com,SUP_3736
soniabond@yahoo.com,SUP_4712
ursanewton@google.edu,SUP_4223
alinetate@protonmail.edu,SUP_4698
laviniaburton527@outlook.org,SUP_3337
jerrywilkerson5953@protonmail.couk,SUP_3444
tatemaxwell@aol.couk,SUP_3929
rachelglenn4363@google.net,SUP_4293
myrabuchanan5038@yahoo.ca,SUP_3701
drakebryan@aol.com,SUP_4091
brennanicholson1753@hotmail.com,SUP_4462
unitycamacho155@google.ca,SUP_4388
kareemclayton7078@outlook.org,SUP_3855
omarsharpe@hotmail.org,SUP_3535
cleobailey6477@google.com,SUP_4411
ilacarpenter6926@outlook.couk,SUP_4160
thaddeuskemp@outlook.org,SUP_4059
cadedavidson3192@protonmail.ca,SUP_4696
ramonachavez@hotmail.net,SUP_4467
lanigilliam@google.net,SUP_3575
carolpennington6503@aol.com,SUP_4007
tuckermcintosh@icloud.org,SUP_4885
velmaholmes@outlook.ca,SUP_4724
shayadkins@yahoo.edu,SUP_3968
haleecortez429@protonmail.couk,SUP_4647
chastityhaynes5653@aol.edu,SUP_3747
haleyallison3119@yahoo.net,SUP_3773
berkmccarthy@hotmail.net,SUP_4117
quinball@yahoo.com,SUP_4430
keatonkirby@google.net,SUP_3914
hashimvaughn@aol.org,SUP_3378
celestejarvis@google.com,SUP_4780
